groups,Avg_1,Avg_2,Avg_3,Avg_4,SD_1,SD_2,SD_3,SD_4
bckg,394108.90625,454198.3125,464946.25,405384.25,38968.74469437582,33954.04381298393,19574.67946097713,37499.24691802963
dmso,388078.95789473684,469763.92631578946,451925.06315789477,406072.2631578947,43531.0477771059,56551.37324841676,33452.849959311745,38021.225961859476
lib,319531.24,407743.59555555554,392975.9866666667,351476.48,81651.96904384355,98968.11689761406,97562.457036253,91603.88082215341
staur,128395,149578.375,149785.59375,124861.5,30768.891636133547,24064.883183365597,21446.86797174308,17152.45125903433
