"","drug_to_ctlr_1run1","drug_to_ctlr_2run1","drug_to_ctlr_3run1","drug_to_ctlr_4run1","drug_to_ctlr_1run2","drug_to_ctlr_2run2","drug_to_ctlr_3run2","drug_to_ctlr_4run2"
"drug_to_ctlr_1run1",1,0.975913091153386,0.905441481324662,0.936356229589845,0.843509885279402,0.891164098973891,0.888282280395416,0.880950278414336
"drug_to_ctlr_2run1",0.975913091153386,1,0.928964588280924,0.948101466351135,0.859662830423448,0.901359023861951,0.902895763985828,0.887434256364745
"drug_to_ctlr_3run1",0.905441481324662,0.928964588280924,1,0.97947626435252,0.836078891583371,0.891472467846539,0.945021231629623,0.93396744269093
"drug_to_ctlr_4run1",0.936356229589845,0.948101466351135,0.97947626435252,1,0.851971710595396,0.911218486667391,0.948236672298401,0.938431979746835
"drug_to_ctlr_1run2",0.843509885279402,0.859662830423448,0.836078891583371,0.851971710595396,1,0.905567008177517,0.8808442654617,0.861113491031911
"drug_to_ctlr_2run2",0.891164098973891,0.901359023861951,0.891472467846539,0.911218486667391,0.905567008177517,1,0.923570686954643,0.919700976963807
"drug_to_ctlr_3run2",0.888282280395416,0.902895763985828,0.945021231629623,0.948236672298401,0.8808442654617,0.923570686954643,1,0.971375823593836
"drug_to_ctlr_4run2",0.880950278414336,0.887434256364745,0.93396744269093,0.938431979746835,0.861113491031911,0.919700976963807,0.971375823593836,1
